,D_dt_mean,D_dt_mu,D_dt_sigma,D_dt_std,H0_mean,H0_std,id,inference_time,measured_td_wrt0,n_eff,n_img,z_lens,z_src
0,3521.7660489322616,8.16641070350821,0.024813911580526943,87.10973687636323,69.81260363176777,1.738759479366386,0.0,1.8627307136853537,"[29.66440895212362, 35.55310293357046, -4.567635130289977]",117.52277415865471,4.0,0.5714920428445516,2.112639505312845
1,2270.0474208480346,7.727197126602944,0.026796870019932563,60.7999786668756,71.66126227931721,1.9216672188163286,1.0,1.8228602011998494,[27.88839572921818],206.34816606542125,2.0,0.4271031000141686,2.343021796922919
2,1326.4022386705901,7.189656454178259,0.03374320037415735,44.740295477405574,72.37143282613086,2.4447773479667076,2.0,1.8344603975613911,[10.714170725419669],568.9757578998884,2.0,0.2766330648373411,2.4743430770647015
3,3552.782094027234,8.175100141905208,0.02776494056765801,98.92010475162623,68.28087808640245,1.8908638188516032,3.0,1.8213155587514243,[-64.52181520405664],87.96578013568639,2.0,0.5685682798135475,2.1515169429214827
4,3863.0668136718523,8.258869277706548,0.026338696182864732,101.99829302001703,70.74998444626475,1.8595595907420297,4.0,1.8704297423362732,[-36.73185393428761],164.4209857879352,2.0,0.6044095903845128,1.979589870260564
5,2678.4464977754774,7.892632776557596,0.026819182638077085,71.79894104634465,71.30722381815026,1.9140548644999018,5.0,1.8616516828536986,[21.613201099408816],285.7440278914423,2.0,0.4594281430182306,1.8267993474703128
6,3219.2829927882913,8.076610952918296,0.02459743129436561,79.38278281103719,69.6768450482994,1.7098657046111558,6.0,1.8315433621406556,[61.007547429905365],108.53798590247793,2.0,0.5309468015915774,2.048435381088328
7,5548.550881358146,8.620999927627857,0.02416177642990971,134.25469435743548,69.257517028009,1.671326410208054,7.0,1.9302005966504414,[77.05745487687231],67.07036214428574,2.0,0.7190815288292665,1.7533343742184782
8,592.471589025907,6.383423643368118,0.041938670949608035,24.852915358035567,69.6283110533335,2.9219568286842184,8.0,1.9047135790189107,[-7.682653576762705],800.6470206255382,2.0,0.12766137858210844,2.1713042239268394
9,2831.011645868729,7.947838885083108,0.03320686680839258,93.82319505396025,71.23932982532733,2.371424659611211,9.0,1.9805717825889588,"[0.4445595883288822, 10.984908541567645, -5.473048446236404]",517.5153264488821,4.0,0.432902665655185,1.287350311281103
10,6202.377562027887,8.732459955741536,0.021348065622644647,132.54988365395022,69.91710468790278,1.4909500903550736,10.0,2.004137114683787,"[-74.8615870887682, -75.13709446077405, -85.78518753168252]",48.67173887084737,4.0,0.8594706991133718,2.3319935344150378
11,3403.66689522831,8.132202009289635,0.028537629961681823,96.94320651161166,70.9617141868507,2.0294233978736482,11.0,1.9611128369967143,[20.54743872986595],326.4849782445144,2.0,0.5024521695091545,1.421507743651782
12,1879.1128666280676,7.53818964974773,0.027034154003792298,50.809169089176876,68.94272422073401,1.864034074382588,12.0,1.8815271973609924,[-28.251169056424864],225.55618250262054,2.0,0.3526757106743175,2.246569584239183
13,1410.5931092237452,7.25145838290819,0.02481796831673905,34.87682469773153,69.88167421113482,1.7413504962917636,13.0,1.936166000366211,"[23.15563842604932, 19.238922727731037, 18.13637707899328]",194.18249973594533,4.0,0.2433470174419828,0.9819933062704114
14,3655.5313481598937,8.203628336663426,0.02717190910925742,99.04405608832123,67.22687861447518,1.8325179999239538,14.0,1.8662325541178386,"[-15.421768068930971, -7.022843621505138, 23.453707438132014]",206.79266790766357,4.0,0.5600910962412708,1.9592364988459468
15,1700.1005481963773,7.438002764601259,0.02967315845417171,50.40475200731885,68.63694048746589,2.0396396680896336,15.0,1.8950775265693665,[-26.87218997045119],249.4325156512185,2.0,0.3298311052091466,2.6417428216558694
16,2123.2777233144675,7.660412106675777,0.02471592555453872,52.16739095558761,68.32468017357664,1.7001140536271997,16.0,1.9272871613502502,"[27.46444689502679, 14.423891355809722, 11.567957710913992]",175.1823985848866,4.0,0.3876452830230572,2.2746282146886383
17,1501.3941369025465,7.313833991927038,0.025110511135069492,37.728410402085224,69.1982839917756,1.736668647167737,17.0,1.8870863318443298,"[-23.103846265128528, -14.392603087275187, -8.061523599799523]",221.28674372644866,4.0,0.2906014571798285,2.097768051662764
18,4098.061334190829,8.317981974719869,0.024011288133457244,97.93134006472877,74.60556679269571,1.8004444136191773,18.0,1.833941352367401,[-62.72752681323287],98.95017963853033,2.0,0.6223242724652388,1.7214445211237808
19,3060.2610964404407,8.025901908546635,0.026610739176213413,81.29413838562519,69.31895124911607,1.8483573726679239,19.0,1.8691297809282938,"[15.047539062462727, 7.226251823883076, -15.031268595096558]",274.65549531445174,4.0,0.4894742723529164,1.7405626343821057
20,4801.989205397967,8.476558203147874,0.021335833852110662,102.2784011831335,70.56169048804556,1.5083787113870217,20.0,1.862864359219869,[56.4130944117976],108.2458682903119,2.0,0.6536050416334357,1.656903870194084
21,4209.699985060462,8.344704234670436,0.02976658640670865,125.07990017086446,69.96859032729381,2.086999606224078,21.0,1.8961287140846252,"[-21.72610727563647, -63.74767212988483, -13.63774087654404]",84.17286245611712,4.0,0.6290981558300522,1.915541680911404
22,4340.556186554385,8.37544008461291,0.025254010824683374,109.02969316015125,71.94965950691075,1.8277914771508914,22.0,1.7957632382710775,[64.19865982898855],99.62408798983587,2.0,0.6652429042064653,2.0247219152899434
23,1073.8428778719901,6.978539058506072,0.030343406705475987,32.54313021618497,69.44321615875182,2.1103383974020726,23.0,1.8488289674123128,[-14.483602373454922],417.4706332068209,2.0,0.22027307694651094,2.331109100075707
24,2183.001465978931,7.688159007203743,0.024380138311915874,53.18566201122532,68.68147940002717,1.6761537978381853,24.0,1.8336364467938742,[30.986074131519654],182.16630659307557,2.0,0.3957958741089734,2.1954998326673425
25,5294.6804194135175,8.574122224343446,0.02589583394042352,137.36754270898885,67.20117497492703,1.737352504572565,25.0,1.9226648052533468,"[47.11201240795549, 13.156745584146842, -5.555304590890855]",117.53995470082704,4.0,0.7552696695184093,2.3120897897149457
26,5120.367342062872,8.540696343541075,0.023904335779040553,122.03457663212879,67.0186219489297,1.606919125654395,26.0,1.8954456885655722,[-60.09539228834434],92.30564193378626,2.0,0.6382756772525771,1.5293965237397884
27,2425.9093221674852,7.793617544059019,0.02624697124142473,63.602796170797845,71.20077921828683,1.8710173306573465,27.0,1.901840897401174,"[-10.242141110678489, -31.81027824424051, -6.349133251724322]",172.58634449533662,4.0,0.4319258383880651,1.9399221501267243
28,4104.550667107673,8.319521103034184,0.025730048287881883,105.35580675766917,70.32295301136568,1.8140097198297493,28.0,1.897886872291565,[-39.69508194965897],162.8330487463553,2.0,0.6183397725270593,1.8905457508982504
29,6947.729343864234,8.84589157555723,0.02361831187757797,163.83226425804648,69.91688116492001,1.6539739164608074,29.0,1.9197118123372396,[64.86504669400955],90.78993751108636,2.0,0.8901817422016903,2.1389375238833384
30,7810.54382289823,8.962853437278788,0.027455481238426605,214.07138931710898,68.96389775296562,1.8967543448074848,30.0,1.907946228981018,[-117.13759131809407],44.55166553434785,2.0,0.8505307168248286,1.702025317690604
31,5778.68651881889,8.661575542533225,0.026702812778879,154.09033807205947,70.37648891026559,1.882178634330948,31.0,1.8989763061205547,"[20.56577956596161, 28.314259887100746, 16.438255675894705]",165.9784675178486,4.0,0.8542026612822119,2.5898840168975763
32,4935.987072752441,8.504047556608482,0.0228361866787315,112.50798056143775,67.92071147304418,1.5543649930564876,32.0,1.861360788345337,[73.66052615001578],85.77100478469376,2.0,0.6923686522991427,1.987090423686796
33,2692.7579564299476,7.897995848363138,0.02550755392000159,68.71338893726784,69.6591751088862,1.7766703263701058,33.0,1.8454703172047933,[36.84029976178702],164.8331036513437,2.0,0.4582291869681155,1.9134118617531304
34,2227.297660718703,7.708186695171156,0.026763477419011,59.49569250626193,69.39952335327037,1.861815182506504,34.0,1.8744847655296326,"[-2.2657124119365237, -11.014663947104923, 19.651124778234973]",243.43045246978676,4.0,0.4138432319310715,2.486782989540889
35,11175.39495745482,9.321155123854266,0.02510432246060176,279.9522419092752,67.5607486797098,1.6998123868286825,35.0,1.854078761736552,[-123.67897237090921],51.59378336808231,2.0,0.7345666946731941,1.0549218451388458
36,2273.5857065983537,7.728728941735958,0.027727506999976465,63.08303335400584,69.81265415939517,1.9349136744068711,36.0,1.8913525978724162,"[17.988305555946916, 17.32840968112323, 19.902761693255293]",205.11906912519495,4.0,0.42570669058882427,2.5980275760128264
37,3279.113636115667,8.09502753663274,0.024540773610339274,80.39578136373527,66.49716963797427,1.6339442670158029,37.0,1.8859998822212218,"[26.61316921911321, 3.935525092746051, 2.834085480725378]",219.4900913274069,4.0,0.4944295707395965,1.6824717260759632
38,1568.6731600840092,7.357523148490974,0.030416251632575723,47.6795117225682,71.64259634221693,2.1816578053588684,38.0,1.8540699005126953,[-13.579170594575844],461.79886960615465,2.0,0.3120933096555958,2.186853684189668
39,3894.232842139314,8.266938084209176,0.02504278765878004,97.69112164884909,69.27996059321708,1.732371675254286,39.0,1.851791512966156,[24.19007505299096],254.8000804116042,2.0,0.5799592464920308,1.7746436638329155
40,3014.968782740074,8.010957250585161,0.02785981183993808,83.8229737151446,71.2629137576736,1.989825170327119,40.0,1.9023358345031738,"[23.300488856454596, 26.377093440266254, 7.465894807751696]",181.52780569941987,4.0,0.4995990724469404,1.8187355551487736
41,5942.057184806507,8.689576127751645,0.02164304567248448,128.9115799462001,72.62719956657203,1.56871166780597,41.0,1.8309672435124715,[-78.85789953272003],87.73900246746068,2.0,0.7009394379117715,1.4290992889312464
42,2257.9116282959785,7.721783312185067,0.02869164304312286,64.96105607172971,72.84393727282837,2.0850505217673594,42.0,1.8645378629366556,[18.026780684206624],368.81250394531554,2.0,0.4113698153291341,1.836685459598052
43,843.8629347628982,6.73691971397603,0.04628421227371876,39.03830773443936,74.11480272286704,3.435408441796473,43.0,1.8553845087687175,[6.636175862067674],943.560390180494,2.0,0.18428777164375787,1.8470236537410336
44,3888.3928095909587,8.265383669233293,0.027141163437461365,105.21238835968116,70.77051316765225,1.9271753665261702,44.0,1.8368473291397094,[-60.26447485031852],103.86045736356822,2.0,0.6289283732726499,2.2480587104456977
45,6517.9539127389435,8.782032007809413,0.023839127909578997,155.1091393975929,70.00950902162916,1.6724738414800542,45.0,1.79938462972641,[64.3240336276887],86.53388661997525,2.0,0.7842076460764298,1.7161553266246838
46,5143.978304647487,8.545337694890208,0.022099732502346054,113.80762691003594,66.65973995309676,1.4718981036276617,46.0,1.8109764814376832,"[11.130571913136762, 2.187256247027669, -65.76413747614508]",87.97534231562513,4.0,0.6987696696199609,1.957083723370994
47,2275.1988930179136,7.729472845700906,0.026436961675393653,60.27494652526063,71.8571366186784,1.8959559709843703,47.0,1.7989245851834614,[24.241114755018895],279.810359873038,2.0,0.4124205542761489,1.9004643587983039
48,3139.137072839231,8.051339227595507,0.026972368922120838,84.77445403721966,67.43204593150973,1.817308586606773,48.0,1.8225974122683206,"[18.58462733154499, 11.519450801720854, 7.959804728817684]",249.88989571672306,4.0,0.4981012837840175,1.87393869212584
49,2797.054240719228,7.935959156933302,0.02693025899568467,75.43471850926994,70.36027957079962,1.8924176319202584,49.0,1.8580973188082377,"[12.693820597889966, 8.944003999085462, 18.389103646944523]",265.86449181803323,4.0,0.4823202652800586,2.0513247314797045
50,681.4196764291636,6.523422060251987,0.038900126934763087,26.502818683451455,74.24657833562331,2.8907075710964585,50.0,1.7756178895632426,[-8.25465309923238],793.027242102116,2.0,0.155350740404665,2.4504988661509732
51,2277.94422369422,7.7307073158396085,0.02538223149519924,57.61889421666144,71.10884228134563,1.8116957435740153,51.0,1.8377177079518636,"[-26.864616132953184, -11.70223650867464, -9.29052363200044]",203.47025492836661,4.0,0.42667493572006376,2.3759679955786868
52,1811.0998574687012,7.501323040084391,0.027063348183085027,49.092973224260476,71.90442575183238,1.9433653687389054,52.0,1.79750497341156,[21.69277206085742],308.17333514012967,2.0,0.3669154304562148,2.94645336915701
53,3661.6859730304504,8.20540495368132,0.023415874158089864,85.69101253586508,71.90196283021021,1.6849754099799037,53.0,1.8314466238021851,[-54.40512995562057],110.5937626655494,2.0,0.5881799319422889,1.967135811315408
54,6155.501797394822,8.724783393671501,0.025199618982314285,155.62647674209757,72.28797525022736,1.8160921382204434,54.0,1.8118489344914754,[85.1839997928184],74.12011354910092,2.0,0.6615024769859377,1.234753706578292
55,4310.147550162438,8.368361219329554,0.027029453839344696,116.95599283708741,70.97076068941053,1.9113556972538783,55.0,1.8415852228800456,"[-71.94537178968679, -53.95566912364246, -53.85748422996267]",59.58748222901399,4.0,0.6095990965868829,1.6219915871153952
56,1736.8392879110143,7.459400576016689,0.029054877914245728,50.39758083941163,67.12799281833361,1.9535414537057258,56.0,1.8139803767204286,[-21.703525395262115],269.863093692075,2.0,0.3154595938961715,1.90381609808716
57,9561.2762814503,9.16513090032511,0.026245060333681947,252.2929823433391,67.63624645319112,1.766013399738022,57.0,1.8178893804550171,[105.522926261903],48.3431736411523,2.0,0.9724642985991654,1.867904383713925
58,3213.233478948197,8.0747327706879,0.02450884858285552,78.72951770638815,70.10680104758887,1.7190052974058925,58.0,1.8482792854309082,"[27.955597499642856, 27.534305140411117, 32.11676195986467]",124.22104456672334,4.0,0.5086528563812169,1.7182166275920043
59,2602.794880740135,7.864043613344814,0.02437862999740953,63.570044208885896,70.02687188432013,1.704504042106744,59.0,1.8299709995587667,"[5.207536452712503, 5.143808729375558, 33.74849726267061]",174.13741652263366,4.0,0.4135175529399726,1.3837340640765021
60,3802.1294018668286,8.242984351573707,0.025767572120050885,98.08110498664195,68.2025092738107,1.7554452473024995,60.0,1.8061549186706543,[81.55274493616248],73.48139947866456,2.0,0.5844230994567459,1.996450695978724
61,2104.3000021748167,7.651425817158839,0.02499870248062573,52.58202648321684,66.10514165506244,1.6538535768154432,61.0,1.8008849581082662,[24.883896377167023],233.1345086114901,2.0,0.3690627714071048,2.0711453589451683
62,1249.2481775757597,7.1289469933700005,0.05201036257499266,64.85120063776561,65.1711324075333,3.4004970023866314,62.0,1.8365475376447042,"[0.4588689081753512, -3.292193942591493, 4.3773758157477936]",1066.2198884091056,4.0,0.2192903529765199,1.2386726631230878
63,10483.505466085096,9.257394680999814,0.018090706259875966,189.8082433618109,73.66037473957563,1.331696532722907,63.0,1.8591482798258463,"[-137.8843103734585, -139.01651796753546, -93.69080895278053]",25.124176299263727,4.0,0.8953183031978688,1.4128528410576917
64,2558.9264750209295,7.847011731819579,0.025742613149713708,65.89468151273722,70.22631271134968,1.8076608940923131,64.0,1.83232262134552,"[-40.6115675153572, -41.74508555535047, -7.617354167882958]",108.02940324756788,4.0,0.4549658848167589,2.1584096947069087
65,3114.9438531318065,8.043653936225997,0.025001063526027587,77.8681483002934,69.30758726698623,1.73325145358884,65.0,1.8222252329190571,[-28.500261313992727],218.7873940178558,2.0,0.500785242230873,1.8107656575461448
66,1002.0403482806994,6.909175158894927,0.03519083475154554,35.20631797127864,72.68847594189978,2.563709838431744,66.0,1.8043604811032614,[9.46319680825489],681.0302828178211,2.0,0.21643092887954035,2.4354926391798037
67,2508.659084269205,7.827133095673569,0.027233234877890804,68.26231319193359,70.80550979590184,1.9305548007270061,67.0,1.8398577451705933,"[17.717799936290522, 0.6026007910679512, -1.1403029592846665]",366.4765598634799,4.0,0.4646969098105689,2.547694357675637
68,2025.3321412329594,7.613121252178599,0.027103051704803018,55.00486529822189,66.60709979664328,1.802188637676435,68.0,1.8631855527559915,"[14.856029459527074, 20.444617113457152, 12.459881421744576]",205.95224226339343,4.0,0.353861432459769,1.87053795587643
69,7274.865657151455,8.891957199113817,0.02111728531544906,154.11075262435267,72.67454320508706,1.5298356863292826,69.0,1.8042804678281148,[-109.94039858467148],57.432271397519884,2.0,0.7065889217610476,1.2139022067415204
70,11159.424094884333,9.3197615121512,0.023596177109127692,262.966756053707,72.2375812601484,1.706942228904211,70.0,1.806396472454071,[142.08514132842515],40.438239608277456,2.0,0.8740314738351458,1.3280947333912378
71,3530.3808487931556,8.168880955740386,0.023665007069502225,83.58678388522756,67.55484096521778,1.5981981546281256,71.0,1.8366403142611185,"[-19.32359562235796, -10.314732094714001, -57.03615003398095]",100.48734717538636,4.0,0.587170187724162,2.6139314858734486
72,2038.4518917212256,7.619541389181069,0.028466931710573205,57.9047027569262,67.37155459500265,1.9229525949164636,72.0,1.8392761627833047,[25.589939338306788],224.62446856222144,2.0,0.3378443992603667,1.3902143955201858
73,3093.1233815435844,8.036613759902698,0.025418038826433308,78.58812832616064,70.87649432771326,1.802930003687289,73.0,1.869019865989685,[-36.15068753700174],182.87406817745295,2.0,0.5456971804235243,2.499635456870674
74,2799.9979669932823,7.937091152671801,0.02377482634388844,66.64701359664615,64.9283120528927,1.5419768197715698,74.0,1.875715180238088,[-42.983380590892565],137.91377986620412,2.0,0.4519348925273339,1.9994123937549213
75,3530.1595773671793,8.168754184865984,0.026228122645996152,92.69227247039409,72.52854223702,1.9006166597718503,75.0,1.8912131985028584,"[-60.36016198066744, -30.656502742197954, -24.833747518629878]",76.29542345645804,4.0,0.5514179505477724,1.6857940560049751
76,1888.4866013221397,7.542994702440672,0.03277355886451361,61.78880558873196,71.00154762635148,2.332079968015766,76.0,1.9044086774190268,"[-0.07120231014795902, -0.9718961976260455, 12.84449370576386]",449.62869635555836,4.0,0.35084343689670605,1.8342580754077484
77,3473.768983574787,8.152656084994527,0.026052335753767353,90.51688237816506,68.9138832678101,1.7955239909233742,77.0,1.9295303702354432,"[-6.196694793005325, -13.528044779682826, 22.17079986874361]",235.7727224933594,4.0,0.5664841411955088,2.203420586613588
78,1686.2261827107884,7.429587932114458,0.03635766733434064,61.24810331014146,73.62119032524522,2.6810468344770166,78.0,1.8505500038464864,[9.048666008979984],789.5572639249606,2.0,0.3463517319735513,2.5676830613873576
79,3242.2896937293335,8.083702978546645,0.025800311282893368,83.38877312363559,71.12512906734815,1.841664456457257,79.0,1.8451624512672424,[-26.556626495574953],241.10737464615568,2.0,0.5214403052738315,1.7726984406811106
80,1435.8594714366109,7.269200987623613,0.025194036964765836,36.271188980305595,70.24410296669362,1.7653969389211428,80.0,1.907952868938446,"[10.138283966149082, 9.580194935413564, 18.128612867097672]",281.59132110902397,4.0,0.2865057260983219,2.2969483364104484
81,1943.777566938831,7.572014536505421,0.027384063487052225,53.04546050159126,71.03310878294388,1.9527490474927167,81.0,1.8611247817675272,[21.043960304739954],309.93891313674783,2.0,0.3742908676803192,2.357129862108865
82,715.2368459509025,6.571311551852274,0.05107836786532925,36.461036325118386,68.89812100328604,3.5306662894758483,82.0,1.886864455540975,"[-3.092677554039442, -0.45015819074789315, 4.701927427397759]",1091.452498068597,4.0,0.15018646228548138,2.1325132230757644
83,1423.5144847586675,7.260466735766119,0.028889727494201337,41.138971219549724,69.59373046484185,2.010362081704879,83.0,1.899087925752004,"[8.74904097487552, 9.148505052832343, 11.207247566926725]",347.6928792239723,4.0,0.2790141996478852,2.094611650547632
84,465.53435331911476,6.142124100864849,0.04609839479671592,21.449759215867584,68.15977320228947,3.1466793886709845,84.0,1.8717641949653625,[-6.664435200354879],939.8797838900272,2.0,0.09885456384282693,1.7853992750693646
85,1992.9838990182022,7.59697092516107,0.028883715992628733,57.61661493908756,68.87516146800148,1.9883623055967916,85.0,1.866507621606191,[21.677809496509756],266.51694139100965,2.0,0.3831619484339402,2.9122368316058167
86,4548.9524600444,8.42227236360619,0.02754775148643212,125.55421973662355,68.76713607149247,1.8907615490614582,86.0,1.8876962224642435,"[-3.509052793117031, -0.05343599557286853, -38.03904232322059]",173.77956918415495,4.0,0.7082540191179078,2.5065876524387107
87,903.388418805617,6.805334913213216,0.040447212968097744,36.53427637411844,72.48968534403632,2.934314354270695,87.0,1.8505738218625387,[-8.2774332721489],757.6770958935014,2.0,0.1982688248418541,2.7476089498347407
88,1971.4376770625418,7.586250405520358,0.023178061847513212,45.52869332176652,70.01270846320757,1.6289608177963006,88.0,1.8977868596712748,"[-33.52019543300997, -16.425692317255788, -16.607464276131438]",163.42119826743263,4.0,0.3661890630303525,2.0510078296259726
89,2804.715961149179,7.9386597692753265,0.02822140610976048,79.03761185891167,69.49153728987632,1.9645594800722637,89.0,1.8977402369181315,"[-34.48239025523383, -25.894838529694688, -29.089859768151253]",140.4226736908521,4.0,0.472728221866316,1.9373897384056893
90,3785.069507299825,8.23847492142919,0.026255909035211567,99.36338818108878,71.81620965776415,1.8862688954731077,90.0,1.8502954244613647,[48.63874659209333],119.06330670280087,2.0,0.5872369223605036,1.818668887671176
91,3178.6213929957594,8.063857831913968,0.026267184044053055,83.52495124552863,71.06826527524062,1.8665394086465437,91.0,1.8494926611582438,[29.597596363405284],206.20866284864508,2.0,0.4878432060884454,1.482866226317614
92,2077.2954485092137,7.638447561784771,0.027377605044307734,56.823906994476935,65.6027027824125,1.7982364861778564,92.0,1.859468392531077,[23.958342229232194],245.8054296859282,2.0,0.35304280384067466,1.7673164282174787
93,3968.826008477359,8.285906353978167,0.02527026481978629,100.29589466129164,67.63388371629782,1.709495781741934,93.0,1.8500356912612914,[55.812495834738556],119.10243692728585,2.0,0.6204796647347071,2.2828056233016816
94,5077.677740498297,8.532266853142769,0.02618695480697132,132.7347610975686,72.54409773258456,1.903182054226983,94.0,1.853826896349589,[-70.976797191653],97.66420803868361,2.0,0.7425714069556808,2.0509751612625413
95,3128.160578122676,8.047836243487831,0.026997600381686766,84.3870289489846,69.22481642116989,1.8710107966826728,95.0,1.8701795101165772,[27.67725280214262],198.7879172352117,2.0,0.5258499577965872,2.1961530722044915
96,2240.5419337036737,7.714173276390868,0.024521829415531615,54.70801390329145,71.36007542961858,1.757680645893089,96.0,1.8649926384290059,[41.10613986331221],146.76971484602555,2.0,0.4288089777237208,2.618313714135536
97,3442.1746854680855,8.143529590212566,0.025646032168461057,88.40179542259469,73.14398994743568,1.8733841000041311,97.0,1.8587218205134073,[43.56185995826741],143.88409519555188,2.0,0.5079545597415426,1.3605245085049007
98,3421.326866006738,8.137492624751694,0.02412742540772283,82.57821562941339,73.60854114602202,1.7758025568921336,98.0,1.8500247677167256,[-48.37931847641656],134.0243832731555,2.0,0.5726891394084679,1.996276990991519
99,3155.449072082893,8.056600261335209,0.023908009265742013,75.47280826570903,71.87923183306323,1.7183210966078688,99.0,1.8607692917188008,[-33.28076161823968],171.67835410751192,2.0,0.4656562388156055,1.2777077246109716
100,2045.9079007097953,7.623228557005491,0.027154214857718052,55.49966513792464,71.10087150628334,1.9333531417691927,100.0,1.9168657342592874,"[-20.79334417244152, -20.01998538454525, -17.338755279345396]",183.83816111607243,4.0,0.3504378063030342,1.3562031598112645
101,3075.5301886863467,8.030951160229584,0.02373175050278473,72.94155922691499,71.09094192101048,1.689296445166097,101.0,1.932779328028361,"[5.455099658084637, 48.76225517605158, 1.1263854897550614]",121.19323909573204,4.0,0.5328708695949974,2.255813837400208
102,4350.0868864509985,8.377581040950208,0.027212737351707664,118.2966274498478,68.27292678120148,1.859452848544225,102.0,1.8627203981081644,[-36.42647097854952],162.24573723211586,2.0,0.6197164310971376,1.796402420474599
103,5192.079865895725,8.554538141486557,0.026468257967814265,138.17025186093454,68.5241853168493,1.804530769343275,103.0,1.875887397925059,[-64.26221286505367],97.71863221157467,2.0,0.7127397988868229,1.9394740988503216
104,3355.71869996921,8.118138465836699,0.023814253674519854,79.5962113903435,67.33234545537343,1.6101629968399591,104.0,1.8592392206192017,[-35.68326522493401],165.54403685699742,2.0,0.4760042725085004,1.3728558392618633
105,754.8492036844631,6.625954918822256,0.033554110790844235,25.346791958057246,70.31423128547124,2.3591857284488564,105.0,1.9200200200080872,"[-0.3271185964584738, -0.0677498933093881, -10.940983536477795]",584.5201152409302,4.0,0.16230025862055375,2.4189309375766848
106,3062.1927208574575,8.026560423626188,0.02555101634621105,78.13574758478181,70.2396255870431,1.7976228825922145,106.0,1.8687790234883626,[30.887949614157023],211.41745280821894,2.0,0.5516752689308817,2.8567765661406304
107,2977.517989235271,7.998519923847495,0.025561828664482384,75.67736077402589,69.04956064175089,1.7757044795257393,107.0,1.9202571233113608,"[-32.636216346858745, -29.656049136537895, -42.180811284322665]",109.03128487406002,4.0,0.5209372483133446,2.5366344967195387
108,650.3484472561993,6.477055871448439,0.03010092305847198,19.541265869261817,68.70311893078284,2.072492084273742,108.0,1.8870924393335977,"[11.070077925438785, 6.356390977127901, 5.994078557005598]",395.9935002200494,4.0,0.13711864046673733,2.0508229949853614
109,7333.183731957363,8.899756083438021,0.02861047261621731,209.6054410644833,69.23094553027305,1.983221697420139,109.0,1.8879600405693053,"[77.08486564498672, 103.68363414396846, 44.63580315204872]",45.168119778330826,4.0,0.8241431722880883,1.6950391431780758
110,2483.6457944994318,7.817044583644005,0.02961240390531523,73.5149998874178,70.48196978715069,2.0887196790121942,110.0,1.8791090925534566,"[18.279773909844618, 3.333427968903863, -10.150191827468662]",313.95659040638867,4.0,0.4251795156307344,1.7263740010108564
111,2116.920633765485,7.657298627986597,0.02896181502315621,61.270295624822666,70.47411297343672,2.042975393873554,111.0,1.8995898087819418,"[-12.565218807156313, -10.705712422040765, -6.872718576189173]",394.7664021521629,4.0,0.39204148158546587,2.127220939121571
112,2811.231196632975,7.941047739625413,0.02569798445179644,72.21932841789952,71.24803423674882,1.832140063791189,112.0,1.8996997952461243,"[1.8493942527550986, 14.984696082455363, -23.20877280790902]",219.54462115241728,4.0,0.5096856212999129,2.5160092341522216
113,6413.560185146946,8.765835248204684,0.025845933762344505,166.20726279141363,70.39667754969659,1.8150922082195877,113.0,1.900483234723409,"[54.25255925901822, 43.81751570916207, 43.78015308350764]",87.4735362294521,4.0,0.7915394438045318,1.77702746917174
114,4513.555357062059,8.414594058537954,0.022214754386925457,100.06756496864661,72.33017716856222,1.6104487957635631,114.0,1.880673635005951,"[46.77147727705517, 46.609138044834964, 23.396041308021374]",86.73475604571594,4.0,0.7327018985161317,2.543777146905587
115,1674.0894781360294,7.422498776856239,0.032411120296033484,54.38351329786035,70.73832648830052,2.2889199324218517,115.0,1.8990013957023621,"[7.90587257603456, 7.8988756702780245, 4.867603632072647]",502.26622721700295,4.0,0.3152383813563644,1.7540376629136163
116,1565.074768463412,7.3553124331295425,0.027435875318113423,42.96128541986497,68.85183355748387,1.8885017266778668,116.0,1.8586766799290975,[-21.446039725825095],275.9800920559244,2.0,0.2910644648271745,1.7166522894539475
117,1524.1556988386724,7.328708491463447,0.031235967073768394,47.55860756568403,76.33406644614143,2.3881764097378326,117.0,1.8536452333132425,[12.786603311836439],551.0665634601769,2.0,0.3166559612409632,1.975755800820857
118,3596.596278405731,8.187408875196676,0.02588073445553388,92.85805489963624,68.95560862202805,1.789454404559008,118.0,1.9039251526196799,"[8.193146216473412, 11.633193531803144, -22.311938983049906]",233.04389534017048,4.0,0.5688087247127542,2.026398899810761
119,3282.0682648144325,8.09589589160108,0.025820855643016866,84.69913605008328,72.46964115810101,1.8731732656283269,119.0,1.8609246730804443,[-45.784721163440324],135.3608004196007,2.0,0.553908639142902,2.0505223770598797
120,2157.872807803292,7.676490813983545,0.02782754217700182,60.11192404464066,73.79138671678487,2.052292843989834,120.0,1.873939085006714,[-19.71250330631997],336.51227047035457,2.0,0.4296108797392186,2.7138113560036357
121,3927.3045402746784,8.275339133286224,0.027191527950872818,106.71612342804653,72.11750770832374,1.962936488082975,121.0,1.9195316235224407,"[-11.907706572475579, -11.2430200147612, -40.69376834081593]",147.73548470405274,4.0,0.6415333434406678,2.245243688138077
122,3395.1046918183756,8.129739257818233,0.026480362032604232,89.93132059721536,67.29169721316102,1.782172203734165,122.0,1.8430169423421223,[-31.484042202977438],207.87710966221914,2.0,0.5684300328207049,2.6176887840575094
123,3134.1595723319097,8.049756444610694,0.026846310399099647,83.9890528196611,71.03409791552106,1.9106405689828496,123.0,1.8807992815971375,"[-40.72516062314401, -26.154577618542028, -28.8494706124617]",100.08004073462027,4.0,0.4737175662824016,1.3932655780419885
124,1506.9626547758487,7.317417015960393,0.029514368820869302,44.312549896771756,68.52723119627646,2.030890896636975,124.0,1.8523186047871907,[18.954737798052246],337.9442952255578,2.0,0.2887257055672009,2.078815196329061
125,2911.4387702855884,7.975561184154066,0.04104418540105361,119.37135091620975,72.44569823182056,2.978807186180913,125.0,1.8619476159413655,"[-5.556210147581509, -1.9119753414782725, 5.627740068444958]",781.5278448317259,4.0,0.4662267052021026,1.4881416186338494
126,4542.985930990668,8.421046969189906,0.024202859185578178,109.92305994134556,68.03699047279348,1.647591291482789,126.0,1.8723697543144227,[-41.2415532435493],149.1833438121675,2.0,0.6840860512766397,2.2762006010222358
127,3570.14046389989,8.18010860369239,0.02240682693833835,80.28717691222721,71.13184356700366,1.588406969282785,127.0,1.9020126024881998,"[-80.75740548400384, -47.2627475095084, -46.373075246221525]",63.16880579582297,4.0,0.5830331199023145,2.088128008936913
128,3254.966786873441,8.08761240432812,0.02552800754836531,82.76612515769997,68.45538902087756,1.7548362359786234,128.0,1.8619967063268026,[33.25438240034802],168.15146965590463,2.0,0.5119010092378354,1.8086325468264168
129,2662.2226086437577,7.886598689466,0.025201744914806836,67.22909893160612,67.55580066494527,1.7001840647069568,129.0,1.9048326094945272,"[34.198624748405294, 33.60567588326726, 33.97436764325907]",100.01229686990999,4.0,0.4630256886873483,2.3596061534385235
130,2954.4627843938024,7.990710325429465,0.026913001901360728,79.40759223904567,70.1053214381536,1.8896880717673739,130.0,1.8617854793866475,[-38.64033243554187],170.31243418736648,2.0,0.4717426349503398,1.6155371371674268
131,9528.611103674404,9.161765140397618,0.024031835273457085,229.4447689720435,71.89684156613686,1.725033596414757,131.0,1.8734287858009337,[-125.86310082058725],52.86451245203271,2.0,0.7879143540598852,1.2329298417817705
132,4272.781923103166,8.359656653216218,0.02696904755267118,115.29573931923925,69.90187032762287,1.8847689139096726,132.0,1.9029418269793192,"[12.006849708348104, 24.320385492579003, -8.388429709134865]",199.36640875097058,4.0,0.6476101486408157,2.043007481803439
133,724.766304127554,6.585358249714063,0.03136731731080722,22.675975711918884,72.02572121493829,2.2663622075651624,133.0,1.9066428979237875,"[6.750572603589563, 10.969647264057423, 5.933096904589814]",439.3020365954897,4.0,0.15858926905564175,2.1379636155432893
134,7621.848689188754,8.938476380288787,0.024408185680861758,186.02056595734763,69.28496826796733,1.6910653077291347,134.0,1.8992070118586222,"[-107.25438762672108, -52.94328586968213, -51.13652226078086]",44.67831552011514,4.0,0.8699121035317754,1.8234525175818623
135,1813.4426012871536,7.502550793973488,0.029366700865428693,53.32440788224941,74.3213764733735,2.180381938367998,135.0,1.8703479528427125,[-16.873415940575462],400.4283011145913,2.0,0.3649113387722148,2.2721410214873643
136,3206.999426787044,8.072778380192739,0.02503996015499996,80.00177189307784,69.01138590831229,1.7360796345261722,136.0,1.9026803572972615,"[-10.60441600178002, -10.26274598811135, -46.71316120185006]",125.54808015779932,4.0,0.5468850461998559,2.4394655239572653
137,3066.660127098545,8.028055373267646,0.024030394494389238,73.79396290840776,67.01885277912572,1.6084227631252328,137.0,1.89783056974411,"[60.94368824891391, 42.35504778360138, 58.40807892026136]",58.12252917077862,4.0,0.5154813687947908,2.406548894462777
138,2646.9596749897964,7.880806064321793,0.026855152268119034,71.19078641578446,70.20350614109925,1.883236501592199,138.0,1.836747940381368,[-18.549534347460106],330.06852254293824,2.0,0.4795179720584656,2.4847610498916946
139,2942.4356393122653,7.98669485903809,0.02442787863256428,71.80170231871301,70.02225255903214,1.712992576987442,139.0,1.8559263865152995,[35.177403207869666],167.085422230995,2.0,0.4950672982441641,1.980630694110293
140,1908.1940431388475,7.553247634778213,0.036493428570643686,69.51119882332699,71.52544520622432,2.616814802409047,140.0,1.8775159041086833,"[-1.9810559551022904, -6.613156764254545, 5.643962309293343]",738.1249940482319,4.0,0.3653370609894667,2.1466188138684226
141,2665.855248181074,7.888075637435566,0.020221159137154218,53.96028299804817,69.483288022001,1.4038144621549737,141.0,1.8905502676963806,"[41.1927750324193, 25.77572448559566, 20.039139175199658]",126.34680340871853,4.0,0.4591490757292909,2.014286635337501
142,3372.35868200375,8.123058461129343,0.02487116220113889,83.86236039172498,70.18607798325044,1.7462194013839003,142.0,1.901988144715627,"[0.13622643150514116, -32.825726709702806, 7.167625911771368]",182.82594951080785,4.0,0.5017594984145969,1.4716950389958048
143,2613.574487539565,7.8681757571095865,0.024427799380210218,63.85121331016232,67.49341789625284,1.6490630768069612,143.0,1.8604177832603455,[32.45668098081521],191.15828647726642,2.0,0.4391705927472713,1.9453969418086017
144,253.19383229402075,5.52777115063621,0.11371362382594269,28.34311741315434,80.42998364368862,9.356040076533642,144.0,1.9217317899068196,"[-0.9146432832030553, 0.6972823141558634, -2.1329712588572427]",2959.9977031559683,4.0,0.06487265954254062,2.512336372895393
145,1765.4860352371197,7.475808481760056,0.027316373455681584,48.184522277415454,70.84698663474411,1.9375359851687333,145.0,1.8622196435928344,[-19.9941121574753],329.546800947362,2.0,0.3454727232648473,2.3885324518841595
146,7394.782695447779,8.908201958232244,0.02561344049845942,189.4398779380025,69.88327267384284,1.7898498777576128,146.0,1.9044053157170613,"[-28.062407108961672, -30.043111834335583, 15.861228359378995]",126.10944890028817,4.0,0.907395043629356,2.0597401691789594
147,955.5676056864737,6.861710091121775,0.0345222159251495,32.95944313712558,70.95480168233229,2.452782679873765,147.0,1.8549173672993977,[-10.931097487093565],550.8475743355722,2.0,0.19818766732014145,1.8563256723310269
148,1261.3420105136565,7.139487949554779,0.02980196062271848,37.53518452126555,71.43575291383854,2.132845043476149,148.0,1.9228614370028179,"[-9.212838467535327, -13.035656684562024, -5.32454709998429]",358.8880528997939,4.0,0.26190110019834634,2.4837661975387597
149,6631.421518908941,8.799256572212974,0.025242644725530436,166.87494917855548,69.11802678872056,1.7506653879336227,149.0,1.8787805636723836,"[41.89882944053677, 13.735537892160925, 0.2555315927253735]",136.64525154374772,4.0,0.6759775444008206,1.254138054017192
150,3404.5080534821996,8.132525108441278,0.025757978101683638,87.26514496274781,70.58587985741191,1.8273535049527667,150.0,1.8941695809364318,"[4.9304584525116875, 4.915281285289142, 37.44444360764842]",162.60771696374402,4.0,0.5243087055880411,1.6403555314353262
151,4003.996896450979,8.294750189519023,0.024415048642366183,97.84087458088575,69.31316639853361,1.6914068410119845,151.0,1.8436183691024781,[60.533856751827365],84.21526410264677,2.0,0.5197419991374791,1.2406628485413984
152,3513.841739497807,8.164106416475907,0.026829067996728285,93.87076108592628,70.78234488539445,1.9080850568651984,152.0,1.9137782335281373,"[-2.0133154730912746, -24.28826301773435, 0.6870834726168712]",267.7455624603482,4.0,0.5986868498891473,2.4762304589636117
153,4153.202447733639,8.33127103803018,0.027014768274379892,111.78436292538625,70.52240062265207,1.9127848483313667,153.0,1.849429225921631,[-26.734776799452593],233.6410371987994,2.0,0.5497939384287002,1.3217275343321893
154,3892.5595472010923,8.266471595111147,0.026471813554553792,103.16476381033499,67.10897916654585,1.7749341522829285,154.0,1.8318815668423971,[54.551337314182554],112.8766984974531,2.0,0.6194634393091267,2.455728921641936
155,721.9429757656239,6.581333355182956,0.035016932301392176,25.269723031859627,70.9121173384811,2.485267539513873,155.0,1.859101982911428,[-10.303425676218566],605.1039857703638,2.0,0.15613215621537269,2.2180220591037263
156,5908.624677610731,8.683851124397094,0.025177346604034923,148.9954171936304,72.37334282465216,1.8195601667793835,156.0,1.8510580937067667,[81.89012832937317],92.24666173339682,2.0,0.7534506417447331,1.6967545621326692
157,1003.3778682898474,6.910714820245405,0.028730257120282873,28.826180751800404,69.11054040341703,1.9864472976982865,157.0,1.8687396844228108,[16.382485993521314],365.5296828170108,2.0,0.2061984056057076,2.297643421238217
158,1253.6364686623278,7.133250260767555,0.033303295042034504,41.64609942307747,74.34092273211276,2.4832109793554644,158.0,1.8537333806355794,[-11.49254911215622],555.1639514410973,2.0,0.2563378868625385,1.6369212394771018
159,2411.6956734301057,7.787715556318266,0.027231644567329696,65.43051317938253,73.29054680297115,2.00357343306911,159.0,1.8884396155675252,"[-35.26275168418235, -19.926353705916217, -15.33365537610356]",158.41980892443812,4.0,0.4491847364541344,2.1590459383473104
160,2955.2925937280434,7.99101432794212,0.026016867327053474,76.96463132160486,69.67494882727593,1.8116194397225835,160.0,1.854264493783315,[-48.20365444312576],141.49184512907192,2.0,0.5114545768879569,2.3004643960318
161,2082.1545221234487,7.640710084312719,0.029929921725786127,62.43494697340896,69.0286641008968,2.0630332515681054,161.0,1.8759111563364665,"[10.497463967133363, 3.808221680757016, -8.224935081562961]",454.18406598393767,4.0,0.3782204408038353,2.0530829658281675
162,2370.1528859157397,7.770399013653299,0.024979694571848014,58.85581338273622,67.3670989834936,1.6931825589996359,162.0,1.877998948097229,"[-39.56409408673233, -26.02761734784453, -28.3851152023984]",123.18090809946585,4.0,0.40328906307915613,1.860436325987058
163,3912.26908617965,8.27154443489248,0.025611911748752613,100.40333280502568,71.36836032960059,1.8248776517525747,163.0,1.8547441164652507,[54.880196651315835],116.00178091742231,2.0,0.5783045803290721,1.6417916138758517
164,1696.7094874668974,7.43616251362318,0.02382702776821132,40.36989867811007,70.93033255021335,1.6933824576687315,164.0,1.9144027471542358,"[19.321752518722715, 18.040026628708365, 11.529755471472761]",226.03712246369292,4.0,0.3142897925302607,1.5992178894481337
165,2805.6201208777575,7.939033607388953,0.026304723003048865,73.90813659797301,69.48700771216633,1.8255692575835896,165.0,1.8541831056276956,[-36.089788679613235],167.29668831966495,2.0,0.42904376141668654,1.342902834540495
166,1538.206223925619,7.338033223033743,0.026055548702305798,40.00760370143022,71.862439781482,1.8761551404396848,166.0,1.8797393242518108,"[-20.93285252823309, -14.990182186192891, 3.1298695734078494]",233.36217703445175,4.0,0.3090287295906347,2.2531474843632986
167,5162.015406082146,8.5486862221301,0.028137087506153062,145.46355128273544,68.65196332900604,1.9305428620443101,167.0,1.910672374566396,"[83.82964205349847, 31.106937343629276, 30.14420803230147]",67.86280529558965,4.0,0.6707517307403197,1.6554635705259693
168,1857.3151999478468,7.52655756021618,0.025690546122857337,47.66306330799304,67.69361612175943,1.7413521975070863,168.0,1.8645596861839295,[21.27965469833751],291.66370977040043,2.0,0.32282213713842145,1.5383807875023634
169,2092.7712592944554,7.645206969060812,0.0455715000712239,95.2947025111201,68.80575636337579,3.141094672809433,169.0,1.864866570631663,[6.528815947809848],922.7907030335931,2.0,0.3609182828435043,1.6024308361187698
170,6024.513959015531,8.70323197270277,0.026816481664679155,161.95909470485662,65.79623843336577,1.7605214233102435,170.0,1.8563469886779784,[-60.65912199129851],87.88702803619636,2.0,0.7501170569888431,1.866493570522643
171,2417.575554832036,7.7901157269193355,0.028491159315521757,68.61142978930832,71.03321641280009,2.0325584908218266,171.0,1.8560365279515585,[-27.832447327721944],235.4122547507308,2.0,0.4339368663062497,2.0291155917640857
172,4511.572789906439,8.414108233889777,0.024218251464153753,109.07601712564836,71.41126371122128,1.7335470555679133,172.0,1.9192972977956135,"[37.013361190528585, 35.395976945207096, 20.97070024397194]",118.78836747185923,4.0,0.6479458769851292,1.7602718530366712
173,2545.4096619172096,7.841694277628527,0.026577924865935396,67.49574583410521,70.20569178270517,1.8706950473657837,173.0,1.8954462170600892,"[25.412472295014034, 32.78788716875929, 16.52282745532164]",148.20903432616416,4.0,0.47234737034259205,2.7305335198381817
174,1707.523728371684,7.442446074209858,0.026587039392691036,45.402046657070834,68.257638673929,1.8150039921032644,174.0,1.8503945787747702,[-27.916205440683644],233.91640796871562,2.0,0.3282506410524541,2.554326490593896
175,2414.4199988390756,7.788782850823224,0.029401554276925923,70.8329438839622,68.1790318830581,2.0099006342321775,175.0,1.8870450973510742,"[9.753940523514768, 12.290724822719937, -14.340525183916263]",284.2995745177671,4.0,0.4216027747627725,2.0707233238033864
176,779.2448684801681,6.657661204088692,0.03648120279964535,28.356307315152144,71.9908093323855,2.6352660318904695,176.0,1.861053995291392,[-8.459744125787461],727.7397717023684,2.0,0.1708006013639225,2.4341561172390684
177,3015.4009750557298,8.011185785639945,0.024598892486080347,74.09491460764974,69.39371429377933,1.7089735499655112,177.0,1.8408529877662658,[46.31442577440752],136.67686286579925,2.0,0.4885876148437097,1.793472145448248
178,3064.8263424510383,8.02743485939682,0.025029010416390808,76.03427786381523,66.80611328667621,1.6879342598268852,178.0,1.8825616717338562,"[33.839560063962104, 24.314277863606193, 42.086177420288905]",112.09933712788326,4.0,0.4804459355906962,1.7846258624004825
179,6044.811769770247,8.706527158756709,0.02925383585234612,177.23861603745306,66.60335569015513,1.9449595090384715,179.0,1.8721395254135131,"[-72.35282194893965, -35.63388400254278, -27.93632781052993]",58.43648351985592,4.0,0.694847387736102,1.5175569319679192
180,1793.8317515648082,7.4916705931758685,0.029643988415705556,53.05874103641159,69.00960325165912,2.0510952618230895,180.0,1.8517955859502158,[-15.091911528024559],382.6853201575644,2.0,0.3362757759647812,2.098515663574013
181,3566.313417113938,8.178949919420972,0.02596659462024979,92.8777366873562,69.57757250854995,1.801454135370365,181.0,1.8923150658607484,"[16.705878612067327, 15.959478328524632, 49.17993348543249]",114.3987333985405,4.0,0.5995975726226112,2.5118863688270685
182,5301.383351179995,8.575430822221627,0.024185093115823276,128.1130860286986,69.97896994142357,1.6947670023786332,182.0,1.8535863240559896,[-50.810957555571626],128.07414632515733,2.0,0.6755162330861082,1.5773366721983189
183,3941.3520928745806,8.278903906381853,0.027407138167315027,107.89029362257067,69.40104561369225,1.905287571495015,183.0,1.9124412775039672,"[32.40106340843745, 20.20973564931997, 27.41649989098262]",142.93648168092173,4.0,0.6148585507268158,2.099689986329702
184,7399.000932904384,8.908861483822465,0.021824138987143978,162.14045902364708,71.19297342083499,1.5475901775901215,184.0,1.8576221148173013,[-180.4330625510615],37.618142422696934,2.0,0.9287426060764316,2.122326923885182
185,3165.6178540793035,8.0598035820879,0.0244877512094185,77.58013451522056,70.08120132938653,1.715187194580267,185.0,1.8823687434196472,"[-10.968588884841951, -27.531528271993654, 13.982050034159464]",191.26562683802302,4.0,0.5287332357066705,2.081234284148447
186,13667.141449813204,9.52243919902111,0.024940200679950876,340.2222906286786,70.84016834703988,1.770020321131923,186.0,1.892599391937256,"[-45.39248807425149, -97.34649092380451, 84.45326022011827]",48.279066786826206,4.0,0.790723078643359,1.0620354119066633
187,1705.412153471319,7.441227615628151,0.025861792043331815,44.125998559819664,70.62061378030195,1.8260680777512015,187.0,1.8409149010976156,[22.226869329166846],286.9922706531033,2.0,0.3064694985652987,1.4019996575849285
188,1711.5984680956203,7.444792310831184,0.027988822738481866,47.7316335994602,66.5122900292414,1.869064586653608,188.0,1.8555257638295493,[-18.063219269968922],326.96997864854495,2.0,0.3030953917878905,1.6753307734383447
189,2175.374488812484,7.684525263588404,0.029348789766142226,63.89566896558162,70.41995878067277,2.065666339003962,189.0,1.8582963506380716,[24.958415015133617],244.40031016255753,2.0,0.3871423416291296,1.7808062171628116
190,1512.7827511214487,7.319575837030779,0.06540101326846975,98.46367488299377,62.409984080790835,4.109817778719609,190.0,1.8919801235198974,"[1.309639045708816, 3.8196057713548766, 1.068625781555576]",1343.5943652627368,4.0,0.2627565448155506,1.843078917991228
191,3628.0131115513336,8.196141478931894,0.024451167092981375,88.73080350312381,68.68557910559274,1.6793430970796204,191.0,1.8522390524546306,[-71.98085678700225],89.35322859167705,2.0,0.5750087249988995,2.084643283282545
192,3783.5187183298635,8.238076570289875,0.02584922895100735,97.41961561572504,69.13935995688608,1.7951741861182287,192.0,1.8430060029029847,[-52.51848133682492],117.74554096999826,2.0,0.6497032199123058,3.038969268407961
193,995.4554838543338,6.9026790630893915,0.03228567531510921,32.16228632856702,68.92762027808989,2.2246354172264766,193.0,1.8572635372479758,[11.841087432945436],505.5681381623769,2.0,0.20067309060739305,1.891334838653106
194,6373.050526939547,8.759483853888494,0.02646101541426093,168.37165487427296,72.41668993575249,1.9200423673907014,194.0,1.8908583362897238,"[-1.1741025789821307, -16.072092484926934, 14.47397814403975]",312.9552063127056,4.0,0.7619105056998758,1.5888368691092596
195,7037.64498727226,8.858724108115386,0.024693078967706037,173.71561498546424,68.71306919630565,1.6976453181791844,195.0,1.8628254771232604,[83.57896460871969],68.2503705534049,2.0,0.7990126334856065,1.672205305326088
196,3317.0739881864774,8.106575731420834,0.02292891715202827,75.95670986665796,67.81892703032966,1.5572624905304713,196.0,1.9125080704689026,"[-33.83221043698394, -31.626661405697604, -29.410638182701483]",98.17945125549483,4.0,0.5255370555326841,1.9488719082231905
197,1943.851503585685,7.572108093878738,0.0252280351817757,49.11066425035746,67.38836495085518,1.6978882074072679,197.0,1.8441364407539367,[27.82785708182744],216.47305375008835,2.0,0.3490737648213289,1.982003504296742
198,583.7500184450441,6.368727904058179,0.038635131476999346,22.498968018683815,67.06530698039303,2.599193813955944,198.0,1.8428111632664999,[8.499200178361574],695.7018930359615,2.0,0.11601480269171738,1.1302345362384445
199,1056.2204910068876,6.961862521203968,0.03436073634560949,36.24906715013825,73.03359721996914,2.5141233438083135,199.0,1.9026720523834229,"[-2.059958984667446, -9.4266959889058, 1.6124067138681386]",694.7674369772975,4.0,0.22073317357569044,1.7761020617167882
